Ocorreu a falha Usuário não encontrado ao realizar a "LOGIN do contato 121212, (14/09/2024 17:15:08, e Sistema).
Ocorreu a falha Usuário não encontrado ao realizar a "LOGIN do contato 121212, (14/09/2024 17:15:12, e Sistema).
Ocorreu a falha Usuário não encontrado ao realizar a "LOGIN do contato 121212, (14/09/2024 17:15:13, e Sistema).
Ocorreu a falha Usuário não encontrado ao realizar a "LOGIN do contato 121212, (14/09/2024 17:15:14, e Sistema).
Ocorreu a falha Usuário não encontrado ao realizar a "LOGIN do contato 121212, (14/09/2024 17:15:14, e Sistema).
Ocorreu a falha Usuário não encontrado ao realizar a "LOGIN do contato 121212, (14/09/2024 17:15:20, e Sistema).
Ocorreu a falha Usuário não encontrado ao realizar a "LOGIN do contato 121212, (14/09/2024 17:15:21, e Sistema).
Ocorreu a falha Usuário não encontrado ao realizar a "LOGIN do contato 121212, (14/09/2024 17:15:23, e Sistema).
Ocorreu a falha Usuário não encontrado ao realizar a "LOGIN do contato 121212, (14/09/2024 17:15:23, e Sistema).
Ocorreu a falha Usuário não encontrado ao realizar a "LOGIN do contato 121212, (14/09/2024 17:15:24, e Sistema).
Ocorreu a falha Usuário não encontrado ao realizar a "LOGIN do contato 121212, (14/09/2024 17:15:24, e Sistema).
Ocorreu a falha Usuário não encontrado ao realizar a "LOGIN do contato 121212, (14/09/2024 17:15:24, e Sistema).
Ocorreu a falha Usuário não encontrado ao realizar a "LOGIN do contato 121212, (14/09/2024 17:15:24, e Sistema).
Ocorreu a falha Usuário não encontrado ao realizar a "LOGIN do contato USER, (14/09/2024 17:18:54, e Sistema).
Ocorreu a falha Usuário não encontrado ao realizar a "LOGIN do contato USER, (14/09/2024 17:19:08, e Sistema).
Ocorreu a falha Usuário não encontrado ao realizar a "LOGIN do contato admin, (14/09/2024 17:19:21, e Sistema).
Ocorreu a falha Usuário não encontrado ao realizar a "LOGIN do contato admin, (14/09/2024 17:58:14, e Sistema).
Ocorreu a falha Usuário não encontrado ao realizar a "LOGIN do contato admin, (14/09/2024 17:58:24, e Sistema).
Ocorreu a falha Usuário não encontrado ao realizar a "LOGIN do contato admin, (14/09/2024 18:19:26, e Sistema).
Ocorreu a falha Usuário não encontrado ao realizar a "LOGIN do contato Natan, (14/09/2024 18:27:44, e Sistema).
LOGIN: admin, (14/09/2024 18:31:12, e Sistema);
LOGIN: admin, (14/09/2024 19:05:31, e Sistema);
LOGIN: user, (14/09/2024 19:35:48, e Sistema);
LOGIN: admin, (14/09/2024 19:45:00, e Sistema);
LOGIN: admin, (14/09/2024 19:47:46, e Sistema);
LOGIN: admin, (14/09/2024 20:42:30, e Sistema);
LOGIN: admin, (14/09/2024 21:29:12, e Sistema);
LOGIN: admin, (14/09/2024 22:04:55, e Sistema);
LOGIN: admin, (14/09/2024 22:06:45, e Sistema);
LOGIN: admin, (14/09/2024 22:08:10, e Sistema);
LOGIN: admin, (14/09/2024 22:15:31, e Sistema);
